timestamp,query_name,transaction_id,ttl,response_ip
2024-12-17 13:33:01.790899,example83.com,3588,0,192.168.1.23
2024-12-17 12:51:18.790899,example52.com,6973,0,192.168.1.38
2024-12-17 12:36:56.790899,example99.com,39284,0,192.168.1.65
2024-12-17 12:41:15.790899,example69.com,44382,0,192.168.1.210
2024-12-17 12:39:16.790899,example54.com,47187,0,192.168.1.191
2024-12-17 12:48:46.790899,example15.com,11576,60,192.168.1.191
2024-12-17 12:57:41.790899,example92.com,64321,60,192.168.1.247
2024-12-17 13:11:28.790899,example66.com,41975,300,192.168.1.232
2024-12-17 13:10:39.790899,example96.com,32930,300,192.168.1.72
2024-12-17 13:10:36.790899,example27.com,39609,120,192.168.1.191
2024-12-17 13:34:59.790899,example47.com,54853,300,192.168.1.7
2024-12-17 13:18:12.790899,example41.com,47204,0,192.168.1.156
2024-12-17 13:24:01.790899,example65.com,30133,120,192.168.1.34
2024-12-17 13:34:44.790899,example72.com,13699,0,192.168.1.166
2024-12-17 13:28:53.790899,example59.com,24060,60,192.168.1.204
2024-12-17 13:13:54.790899,example88.com,52224,0,192.168.1.105
2024-12-17 13:25:07.790899,example83.com,60600,60,192.168.1.81
2024-12-17 13:21:58.790899,example46.com,48325,60,192.168.1.116
2024-12-17 12:48:11.790899,example34.com,50098,300,192.168.1.94
2024-12-17 12:48:59.790899,example12.com,58797,120,192.168.1.253
2024-12-17 13:17:54.790899,example87.com,44890,120,192.168.1.52
2024-12-17 13:24:10.790899,example92.com,26656,120,192.168.1.73
2024-12-17 13:31:37.790899,example54.com,19878,60,192.168.1.138
2024-12-17 13:15:26.790899,example24.com,56646,0,192.168.1.100
2024-12-17 13:10:50.790899,example33.com,59201,0,192.168.1.4
2024-12-17 13:13:54.790899,example88.com,48595,300,192.168.1.109
2024-12-17 13:10:18.790899,example49.com,43070,0,192.168.1.108
2024-12-17 12:37:11.790899,example30.com,44965,60,192.168.1.140
2024-12-17 13:00:56.790899,example78.com,43989,300,192.168.1.185
2024-12-17 12:42:20.790899,example48.com,1294,300,192.168.1.180
2024-12-17 12:58:02.790899,example73.com,16607,120,192.168.1.112
2024-12-17 13:04:21.790899,example100.com,29057,60,192.168.1.97
2024-12-17 13:14:40.790899,example80.com,35949,60,192.168.1.123
2024-12-17 13:17:34.790899,example92.com,19316,120,192.168.1.214
2024-12-17 12:57:57.790899,example55.com,36281,120,192.168.1.97
2024-12-17 13:26:43.790899,example85.com,56135,60,192.168.1.115
2024-12-17 12:57:33.790899,example68.com,48065,60,192.168.1.251
2024-12-17 13:34:02.790899,example88.com,65206,120,192.168.1.210
2024-12-17 13:19:11.790899,example95.com,1403,300,192.168.1.50
2024-12-17 13:05:49.790899,example37.com,59504,300,192.168.1.137
2024-12-17 12:58:35.790899,example38.com,46112,0,192.168.1.45
2024-12-17 13:06:57.790899,example60.com,43612,120,192.168.1.26
2024-12-17 12:43:39.790899,example74.com,30851,60,192.168.1.206
2024-12-17 13:35:14.790899,example91.com,36977,300,192.168.1.9
2024-12-17 12:48:44.790899,example88.com,45431,60,192.168.1.134
2024-12-17 13:19:27.790899,example22.com,57628,60,192.168.1.228
2024-12-17 12:48:33.790899,example29.com,56993,300,192.168.1.217
2024-12-17 12:53:06.790899,example42.com,64323,300,192.168.1.177
2024-12-17 13:13:59.790899,example89.com,39243,120,192.168.1.41
2024-12-17 13:00:22.790899,example28.com,28557,120,192.168.1.124
2024-12-17 12:59:14.790899,example16.com,2996,300,192.168.1.222
2024-12-17 13:34:04.790899,example78.com,6779,300,192.168.1.31
2024-12-17 13:14:49.790899,example29.com,35260,60,192.168.1.96
2024-12-17 13:32:13.790899,example40.com,46747,60,192.168.1.214
2024-12-17 13:32:42.790899,example37.com,12615,0,192.168.1.244
2024-12-17 12:46:32.790899,example59.com,44011,300,192.168.1.197
2024-12-17 13:03:50.790899,example58.com,61020,0,192.168.1.209
2024-12-17 12:51:31.790899,example74.com,54024,120,192.168.1.37
2024-12-17 12:57:46.790899,example70.com,5426,0,192.168.1.192
2024-12-17 13:34:37.790899,example41.com,57313,0,192.168.1.122
2024-12-17 12:44:59.790899,example57.com,51454,300,192.168.1.65
2024-12-17 13:15:41.790899,example43.com,12186,120,192.168.1.253
2024-12-17 13:28:11.790899,example56.com,23260,0,192.168.1.21
2024-12-17 12:51:45.790899,example90.com,28611,300,192.168.1.60
2024-12-17 13:31:18.790899,example87.com,27571,0,192.168.1.72
2024-12-17 12:46:10.790899,example9.com,6812,0,192.168.1.152
2024-12-17 13:16:16.790899,example84.com,38900,60,192.168.1.28
2024-12-17 12:56:14.790899,example20.com,12444,60,192.168.1.149
2024-12-17 13:18:32.790899,example53.com,64529,120,192.168.1.67
2024-12-17 12:37:55.790899,example16.com,18967,120,192.168.1.82
2024-12-17 12:57:41.790899,example49.com,24299,120,192.168.1.186
2024-12-17 13:25:50.790899,example56.com,41392,300,192.168.1.230
2024-12-17 12:47:29.790899,example97.com,40290,120,192.168.1.243
2024-12-17 13:06:17.790899,example79.com,42361,0,192.168.1.65
2024-12-17 13:03:51.790899,example94.com,50813,60,192.168.1.170
2024-12-17 12:40:56.790899,example84.com,61412,120,192.168.1.49
2024-12-17 12:41:35.790899,example7.com,59091,120,192.168.1.194
2024-12-17 13:28:17.790899,example22.com,22019,300,192.168.1.59
2024-12-17 12:38:33.790899,example49.com,28677,120,192.168.1.247
2024-12-17 13:19:38.790899,example79.com,13415,60,192.168.1.194
2024-12-17 13:13:48.790899,example54.com,8926,0,192.168.1.183
2024-12-17 13:21:50.790899,example16.com,10973,300,192.168.1.201
2024-12-17 13:18:23.790899,example21.com,55663,120,192.168.1.27
2024-12-17 12:54:25.790899,example9.com,60500,60,192.168.1.214
2024-12-17 13:33:54.790899,example33.com,9066,0,192.168.1.242
2024-12-17 12:40:05.790899,example38.com,53765,120,192.168.1.12
2024-12-17 13:25:57.790899,example9.com,54855,0,192.168.1.36
2024-12-17 12:39:57.790899,example87.com,37695,300,192.168.1.32
2024-12-17 12:51:54.790899,example19.com,37175,300,192.168.1.27
2024-12-17 13:02:02.790899,example35.com,38573,120,192.168.1.218
2024-12-17 12:53:11.790899,example5.com,64660,0,192.168.1.127
2024-12-17 12:36:29.790899,example72.com,59120,300,192.168.1.94
2024-12-17 13:31:14.790899,example22.com,54506,60,192.168.1.251
2024-12-17 13:07:26.790899,example5.com,46460,60,192.168.1.132
2024-12-17 13:04:41.790899,example41.com,19522,60,192.168.1.19
2024-12-17 13:13:09.790899,example19.com,59615,120,192.168.1.73
2024-12-17 13:06:47.790899,example97.com,58620,300,192.168.1.117
2024-12-17 13:19:17.790899,example9.com,42460,60,192.168.1.190
2024-12-17 13:25:55.790899,example37.com,48854,120,192.168.1.31
2024-12-17 13:28:48.790899,example75.com,31404,60,192.168.1.126
2024-12-17 12:55:40.790899,example35.com,9647,0,192.168.1.13
2024-12-17 12:52:03.790899,example35.com,16133,0,192.168.1.193
2024-12-17 13:08:05.790899,example83.com,51230,300,192.168.1.232
2024-12-17 13:19:09.790899,example97.com,22653,300,192.168.1.14
2024-12-17 13:26:11.790899,example27.com,1363,60,192.168.1.7
2024-12-17 13:26:32.790899,example79.com,38362,120,192.168.1.12
2024-12-17 12:58:13.790899,example15.com,64369,60,192.168.1.254
2024-12-17 13:25:18.790899,example77.com,23224,300,192.168.1.80
2024-12-17 13:21:56.790899,example88.com,12834,60,192.168.1.218
2024-12-17 12:59:27.790899,example52.com,29556,300,192.168.1.106
2024-12-17 13:01:24.790899,example39.com,7304,120,192.168.1.133
2024-12-17 12:42:43.790899,example53.com,62425,120,192.168.1.214
2024-12-17 13:00:33.790899,example36.com,34709,300,192.168.1.47
2024-12-17 13:04:34.790899,example17.com,39834,60,192.168.1.80
2024-12-17 13:14:47.790899,example57.com,26047,300,192.168.1.212
2024-12-17 12:53:40.790899,example34.com,52264,120,192.168.1.91
2024-12-17 13:27:25.790899,example92.com,44248,300,192.168.1.189
2024-12-17 13:35:52.790899,example57.com,42904,300,192.168.1.20
2024-12-17 12:50:30.790899,example10.com,44070,60,192.168.1.185
2024-12-17 12:42:07.790899,example76.com,3297,60,192.168.1.67
2024-12-17 12:53:54.790899,example61.com,64103,60,192.168.1.64
2024-12-17 13:17:08.790899,example34.com,53459,0,192.168.1.253
2024-12-17 13:15:13.790899,example37.com,10401,300,192.168.1.54
2024-12-17 13:32:29.790899,example58.com,18197,120,192.168.1.156
2024-12-17 13:19:11.790899,example71.com,21075,120,192.168.1.243
2024-12-17 13:35:45.790899,example77.com,53566,0,192.168.1.199
2024-12-17 13:14:42.790899,example17.com,18884,60,192.168.1.46
2024-12-17 12:59:14.790899,example27.com,49147,300,192.168.1.87
2024-12-17 12:53:47.790899,example36.com,17287,120,192.168.1.140
2024-12-17 12:37:23.790899,example11.com,14927,0,192.168.1.250
2024-12-17 13:02:06.790899,example65.com,21492,60,192.168.1.118
2024-12-17 12:37:52.790899,example58.com,42454,0,192.168.1.87
2024-12-17 13:10:25.790899,example90.com,3777,120,192.168.1.188
2024-12-17 13:26:07.790899,example58.com,26178,60,192.168.1.91
2024-12-17 13:14:44.790899,example64.com,16443,0,192.168.1.249
2024-12-17 13:17:29.790899,example87.com,370,60,192.168.1.199
2024-12-17 13:10:17.790899,example52.com,24991,120,192.168.1.129
2024-12-17 12:56:04.790899,example59.com,3985,300,192.168.1.158
2024-12-17 13:11:36.790899,example16.com,13616,120,192.168.1.75
2024-12-17 12:37:45.790899,example49.com,16049,60,192.168.1.213
2024-12-17 13:29:42.790899,example85.com,3734,60,192.168.1.114
2024-12-17 12:43:15.790899,example57.com,58015,60,192.168.1.176
2024-12-17 13:26:19.790899,example87.com,52309,120,192.168.1.51
2024-12-17 13:07:29.790899,example60.com,61503,60,192.168.1.10
2024-12-17 13:24:08.790899,example88.com,9010,120,192.168.1.53
2024-12-17 13:01:52.790899,example76.com,57029,60,192.168.1.90
2024-12-17 13:21:32.790899,example79.com,64536,300,192.168.1.60
2024-12-17 13:29:54.790899,example74.com,13056,300,192.168.1.59
2024-12-17 13:07:22.790899,example58.com,17359,0,192.168.1.97
2024-12-17 13:30:54.790899,example30.com,6026,120,192.168.1.83
2024-12-17 12:49:46.790899,example91.com,50135,300,192.168.1.228
2024-12-17 12:39:17.790899,example65.com,22889,0,192.168.1.178
2024-12-17 13:17:58.790899,example79.com,47530,60,192.168.1.139
2024-12-17 13:13:18.790899,example51.com,64831,60,192.168.1.35
2024-12-17 13:26:11.790899,example39.com,60236,300,192.168.1.44
2024-12-17 13:10:32.790899,example67.com,57401,120,192.168.1.226
2024-12-17 12:44:52.790899,example89.com,8057,300,192.168.1.21
2024-12-17 13:12:47.790899,example9.com,34248,120,192.168.1.103
2024-12-17 13:33:56.790899,example84.com,45706,60,192.168.1.190
2024-12-17 12:40:22.790899,example32.com,38918,60,192.168.1.17
2024-12-17 12:50:37.790899,example91.com,35094,60,192.168.1.235
2024-12-17 12:51:09.790899,example62.com,40626,60,192.168.1.202
2024-12-17 13:26:17.790899,example85.com,37955,0,192.168.1.69
2024-12-17 13:06:04.790899,example56.com,32092,300,192.168.1.133
2024-12-17 12:55:30.790899,example19.com,43305,60,192.168.1.169
2024-12-17 13:24:51.790899,example4.com,28586,120,192.168.1.188
2024-12-17 13:17:50.790899,example12.com,48274,60,192.168.1.141
2024-12-17 12:41:32.790899,example30.com,14817,300,192.168.1.163
2024-12-17 13:28:04.790899,example45.com,50050,0,192.168.1.244
2024-12-17 13:31:50.790899,example34.com,1139,60,192.168.1.103
2024-12-17 12:37:43.790899,example81.com,49313,300,192.168.1.5
2024-12-17 13:15:22.790899,example38.com,63579,0,192.168.1.221
2024-12-17 12:51:40.790899,example14.com,46778,120,192.168.1.102
2024-12-17 13:10:41.790899,example71.com,32883,300,192.168.1.104
2024-12-17 13:34:39.790899,example10.com,35700,300,192.168.1.215
2024-12-17 13:26:18.790899,example69.com,30552,300,192.168.1.235
2024-12-17 13:26:12.790899,example82.com,41545,120,192.168.1.41
2024-12-17 13:04:51.790899,example43.com,13280,60,192.168.1.207
2024-12-17 12:57:39.790899,example32.com,9294,120,192.168.1.135
2024-12-17 12:55:29.790899,example34.com,1620,0,192.168.1.163
2024-12-17 12:51:40.790899,example59.com,21142,300,192.168.1.247
2024-12-17 12:46:21.790899,example77.com,49238,60,192.168.1.244
2024-12-17 12:46:30.790899,example14.com,7844,0,192.168.1.131
2024-12-17 13:30:54.790899,example72.com,41422,120,192.168.1.183
2024-12-17 13:19:19.790899,example1.com,18662,120,192.168.1.32
2024-12-17 12:51:35.790899,example27.com,6214,0,192.168.1.171
2024-12-17 13:10:54.790899,example100.com,7316,0,192.168.1.68
2024-12-17 12:42:30.790899,example25.com,51632,300,192.168.1.144
2024-12-17 12:48:42.790899,example41.com,35819,0,192.168.1.19
2024-12-17 13:27:22.790899,example10.com,18113,0,192.168.1.52
2024-12-17 13:01:36.790899,example32.com,63387,60,192.168.1.193
2024-12-17 13:09:55.790899,example72.com,29694,60,192.168.1.252
2024-12-17 12:41:48.790899,example97.com,36445,120,192.168.1.55
2024-12-17 13:18:35.790899,example100.com,22165,60,192.168.1.79
2024-12-17 13:10:07.790899,example58.com,46069,60,192.168.1.127
2024-12-17 13:03:26.790899,example39.com,37841,0,192.168.1.74
2024-12-17 13:04:57.790899,example94.com,45464,300,192.168.1.235
2024-12-17 13:35:04.790899,example67.com,30511,300,192.168.1.98
2024-12-17 13:04:53.790899,example92.com,47474,0,192.168.1.188
2024-12-17 13:30:26.790899,example47.com,55183,60,192.168.1.41
2024-12-17 13:19:57.790899,example32.com,64495,0,192.168.1.196
2024-12-17 13:31:13.790899,example26.com,35629,60,192.168.1.217
2024-12-17 13:03:27.790899,example57.com,6462,60,192.168.1.170
2024-12-17 12:55:15.790899,example8.com,45786,300,192.168.1.178
2024-12-17 12:38:14.790899,example67.com,44557,60,192.168.1.30
2024-12-17 12:51:18.790899,example66.com,62529,60,192.168.1.200
2024-12-17 13:13:27.790899,example43.com,207,120,192.168.1.233
2024-12-17 13:21:36.790899,example24.com,37771,60,192.168.1.35
2024-12-17 13:31:38.790899,example23.com,19065,60,192.168.1.194
2024-12-17 12:47:43.790899,example56.com,7986,120,192.168.1.3
2024-12-17 13:26:16.790899,example41.com,54286,300,192.168.1.112
2024-12-17 12:53:08.790899,example75.com,54193,300,192.168.1.68
2024-12-17 13:00:30.790899,example85.com,13787,300,192.168.1.253
2024-12-17 12:41:38.790899,example37.com,41110,300,192.168.1.90
2024-12-17 13:12:49.790899,example71.com,58379,120,192.168.1.225
2024-12-17 12:56:53.790899,example99.com,30367,300,192.168.1.249
2024-12-17 13:05:24.790899,example49.com,28337,0,192.168.1.209
2024-12-17 13:22:08.790899,example18.com,59346,120,192.168.1.128
2024-12-17 13:32:26.790899,example9.com,3640,300,192.168.1.155
2024-12-17 13:25:51.790899,example86.com,42335,300,192.168.1.143
2024-12-17 13:19:14.790899,example31.com,64568,0,192.168.1.33
2024-12-17 12:46:54.790899,example14.com,8207,300,192.168.1.75
2024-12-17 12:51:35.790899,example35.com,25004,60,192.168.1.47
2024-12-17 13:33:25.790899,example89.com,38435,300,192.168.1.56
2024-12-17 12:57:10.790899,example15.com,45337,300,192.168.1.139
2024-12-17 12:50:29.790899,example12.com,5520,120,192.168.1.12
2024-12-17 13:24:56.790899,example7.com,24569,60,192.168.1.101
2024-12-17 13:07:57.790899,example100.com,138,120,192.168.1.55
2024-12-17 12:39:39.790899,example58.com,7997,60,192.168.1.226
2024-12-17 12:37:17.790899,example79.com,32980,60,192.168.1.207
2024-12-17 13:16:09.790899,example93.com,28530,300,192.168.1.86
2024-12-17 13:01:54.790899,example45.com,51852,60,192.168.1.32
2024-12-17 12:43:54.790899,example41.com,52309,0,192.168.1.52
2024-12-17 13:28:42.790899,example34.com,49907,120,192.168.1.192
2024-12-17 12:43:23.790899,example100.com,12374,60,192.168.1.45
2024-12-17 13:00:57.790899,example89.com,29035,0,192.168.1.216
2024-12-17 12:47:31.790899,example4.com,16666,0,192.168.1.115
2024-12-17 13:25:35.790899,example76.com,35857,120,192.168.1.213
2024-12-17 12:56:30.790899,example69.com,24548,120,192.168.1.129
2024-12-17 12:39:24.790899,example58.com,30028,300,192.168.1.71
2024-12-17 12:47:14.790899,example63.com,16773,60,192.168.1.243
2024-12-17 13:28:42.790899,example53.com,59757,60,192.168.1.155
2024-12-17 12:55:21.790899,example68.com,61171,300,192.168.1.174
2024-12-17 13:08:07.790899,example17.com,53155,0,192.168.1.61
2024-12-17 13:31:14.790899,example30.com,54034,0,192.168.1.51
2024-12-17 12:37:11.790899,example89.com,2218,120,192.168.1.50
2024-12-17 13:28:20.790899,example88.com,9450,120,192.168.1.17
2024-12-17 13:11:31.790899,example32.com,19774,60,192.168.1.64
2024-12-17 13:00:12.790899,example21.com,17797,0,192.168.1.136
2024-12-17 12:38:11.790899,example100.com,26032,0,192.168.1.128
2024-12-17 12:48:39.790899,example10.com,56978,0,192.168.1.91
2024-12-17 12:43:59.790899,example27.com,30336,0,192.168.1.4
2024-12-17 13:17:05.790899,example24.com,22708,120,192.168.1.69
2024-12-17 12:48:57.790899,example64.com,7947,120,192.168.1.66
2024-12-17 13:02:20.790899,example19.com,58427,60,192.168.1.59
2024-12-17 13:19:42.790899,example58.com,28610,60,192.168.1.15
2024-12-17 13:09:42.790899,example72.com,52478,60,192.168.1.90
2024-12-17 12:59:02.790899,example93.com,53932,120,192.168.1.33
2024-12-17 13:28:15.790899,example24.com,49730,120,192.168.1.121
2024-12-17 13:03:54.790899,example53.com,49229,120,192.168.1.40
2024-12-17 13:04:14.790899,example73.com,63458,60,192.168.1.173
2024-12-17 13:01:07.790899,example11.com,12570,300,192.168.1.200
2024-12-17 13:16:03.790899,example9.com,64010,0,192.168.1.164
2024-12-17 13:16:59.790899,example71.com,12192,120,192.168.1.76
2024-12-17 13:01:15.790899,example96.com,16857,120,192.168.1.216
2024-12-17 13:34:14.790899,example67.com,27967,120,192.168.1.182
2024-12-17 13:05:59.790899,example53.com,23919,0,192.168.1.219
2024-12-17 13:23:13.790899,example78.com,60419,120,192.168.1.62
2024-12-17 13:11:56.790899,example37.com,1102,300,192.168.1.62
2024-12-17 12:57:58.790899,example96.com,28968,120,192.168.1.216
2024-12-17 13:06:33.790899,example95.com,29346,0,192.168.1.233
2024-12-17 12:57:26.790899,example27.com,54068,300,192.168.1.80
2024-12-17 12:59:27.790899,example23.com,6186,300,192.168.1.216
2024-12-17 13:14:55.790899,example38.com,3897,120,192.168.1.10
2024-12-17 12:55:54.790899,example30.com,1208,0,192.168.1.192
2024-12-17 13:16:31.790899,example51.com,12908,60,192.168.1.87
2024-12-17 12:53:35.790899,example45.com,33620,120,192.168.1.162
2024-12-17 13:21:04.790899,example93.com,47999,0,192.168.1.144
2024-12-17 13:18:18.790899,example65.com,6099,0,192.168.1.253
2024-12-17 13:25:20.790899,example35.com,32650,120,192.168.1.115
2024-12-17 12:45:21.790899,example42.com,30413,0,192.168.1.190
2024-12-17 13:06:29.790899,example56.com,25857,60,192.168.1.35
2024-12-17 12:57:02.790899,example69.com,50721,60,192.168.1.125
2024-12-17 13:28:58.790899,example75.com,2643,0,192.168.1.135
2024-12-17 13:23:06.790899,example61.com,29788,120,192.168.1.163
2024-12-17 13:29:01.790899,example54.com,16267,0,192.168.1.160
2024-12-17 12:59:36.790899,example36.com,40600,0,192.168.1.230
2024-12-17 12:57:50.790899,example40.com,46490,0,192.168.1.26
2024-12-17 13:22:19.790899,example94.com,5942,120,192.168.1.195
2024-12-17 13:09:53.790899,example80.com,3047,300,192.168.1.253
2024-12-17 13:31:32.790899,example29.com,43741,300,192.168.1.169
2024-12-17 13:18:33.790899,example20.com,3245,0,192.168.1.204
2024-12-17 13:24:30.790899,example3.com,14448,300,192.168.1.132
2024-12-17 12:53:57.790899,example57.com,3416,300,192.168.1.117
2024-12-17 12:47:09.790899,example60.com,20172,300,192.168.1.15
2024-12-17 13:25:21.790899,example73.com,44622,60,192.168.1.160
2024-12-17 13:01:07.790899,example89.com,40529,120,192.168.1.101
2024-12-17 13:31:09.790899,example17.com,47719,120,192.168.1.214
2024-12-17 13:07:30.790899,example65.com,63750,120,192.168.1.122
2024-12-17 12:42:06.790899,example17.com,27395,120,192.168.1.30
2024-12-17 13:20:38.790899,example50.com,30890,60,192.168.1.174
2024-12-17 13:11:18.790899,example10.com,2054,120,192.168.1.34
2024-12-17 13:35:44.790899,example36.com,24987,60,192.168.1.14
2024-12-17 13:08:33.790899,example55.com,63716,300,192.168.1.240
2024-12-17 12:47:28.790899,example81.com,44124,300,192.168.1.143
2024-12-17 13:08:50.790899,example75.com,49030,120,192.168.1.69
2024-12-17 13:30:28.790899,example65.com,14550,60,192.168.1.27
2024-12-17 13:05:19.790899,example44.com,11242,0,192.168.1.197
2024-12-17 13:16:10.790899,example79.com,50052,300,192.168.1.149
2024-12-17 13:21:42.790899,example60.com,58342,300,192.168.1.89
2024-12-17 13:16:21.790899,example28.com,29900,120,192.168.1.26
2024-12-17 12:59:58.790899,example44.com,15366,60,192.168.1.162
2024-12-17 12:37:24.790899,example50.com,31671,120,192.168.1.202
2024-12-17 13:06:56.790899,example99.com,33004,0,192.168.1.165
2024-12-17 13:00:44.790899,example31.com,22452,60,192.168.1.242
2024-12-17 12:50:40.790899,example50.com,10121,60,192.168.1.187
2024-12-17 12:43:00.790899,example58.com,22468,120,192.168.1.209
2024-12-17 12:53:58.790899,example48.com,35057,300,192.168.1.51
2024-12-17 13:34:14.790899,example88.com,42784,120,192.168.1.59
2024-12-17 13:12:25.790899,example94.com,50115,120,192.168.1.245
2024-12-17 13:24:17.790899,example24.com,19422,300,192.168.1.205
2024-12-17 13:13:19.790899,example90.com,59093,300,192.168.1.154
2024-12-17 13:16:30.790899,example47.com,9546,0,192.168.1.7
2024-12-17 13:23:08.790899,example74.com,55111,0,192.168.1.221
2024-12-17 13:33:37.790899,example87.com,29224,300,192.168.1.237
2024-12-17 13:23:06.790899,example78.com,65362,0,192.168.1.47
2024-12-17 13:09:52.790899,example73.com,53241,300,192.168.1.51
2024-12-17 13:36:19.790899,example47.com,61341,0,192.168.1.170
2024-12-17 13:17:47.790899,example31.com,58219,60,192.168.1.7
2024-12-17 13:35:31.790899,example30.com,33900,300,192.168.1.62
2024-12-17 13:21:04.790899,example59.com,27796,60,192.168.1.133
2024-12-17 12:46:58.790899,example44.com,48022,300,192.168.1.179
2024-12-17 13:18:35.790899,example65.com,14822,60,192.168.1.54
2024-12-17 13:26:01.790899,example33.com,4605,120,192.168.1.161
2024-12-17 12:52:09.790899,example59.com,34376,60,192.168.1.54
2024-12-17 13:34:42.790899,example19.com,1776,120,192.168.1.5
2024-12-17 13:26:32.790899,example59.com,44785,60,192.168.1.196
2024-12-17 12:50:30.790899,example2.com,39775,120,192.168.1.55
2024-12-17 13:01:39.790899,example12.com,45411,60,192.168.1.31
2024-12-17 12:51:27.790899,example77.com,8057,120,192.168.1.2
2024-12-17 13:26:02.790899,example42.com,48833,0,192.168.1.77
2024-12-17 13:06:51.790899,example35.com,53324,300,192.168.1.251
2024-12-17 13:23:33.790899,example28.com,10246,0,192.168.1.245
2024-12-17 13:28:54.790899,example65.com,40977,60,192.168.1.169
2024-12-17 13:17:43.790899,example44.com,61295,0,192.168.1.144
2024-12-17 13:35:13.790899,example46.com,62113,120,192.168.1.115
2024-12-17 13:18:10.790899,example15.com,39265,120,192.168.1.29
2024-12-17 12:45:08.790899,example20.com,26819,60,192.168.1.122
2024-12-17 12:47:48.790899,example48.com,25778,120,192.168.1.90
2024-12-17 13:26:50.790899,example89.com,62906,300,192.168.1.130
2024-12-17 13:34:32.790899,example50.com,55428,60,192.168.1.81
2024-12-17 12:51:20.790899,example38.com,62539,0,192.168.1.219
2024-12-17 13:04:09.790899,example11.com,42238,120,192.168.1.143
2024-12-17 12:46:45.790899,example46.com,63412,0,192.168.1.121
2024-12-17 13:21:12.790899,example44.com,33406,300,192.168.1.89
2024-12-17 12:46:14.790899,example53.com,35458,300,192.168.1.52
2024-12-17 12:49:10.790899,example56.com,283,120,192.168.1.28
2024-12-17 12:42:37.790899,example77.com,51352,0,192.168.1.96
2024-12-17 13:07:53.790899,example46.com,17273,120,192.168.1.150
2024-12-17 13:13:44.790899,example35.com,51857,0,192.168.1.116
2024-12-17 13:03:58.790899,example90.com,25389,0,192.168.1.122
2024-12-17 13:31:58.790899,example38.com,12213,120,192.168.1.123
2024-12-17 13:01:10.790899,example78.com,28181,120,192.168.1.13
2024-12-17 13:08:30.790899,example89.com,53895,300,192.168.1.242
2024-12-17 13:31:15.790899,example17.com,1259,300,192.168.1.159
2024-12-17 13:18:08.790899,example92.com,10038,60,192.168.1.38
2024-12-17 13:36:04.790899,example95.com,35500,0,192.168.1.91
2024-12-17 12:41:49.790899,example78.com,30940,60,192.168.1.81
2024-12-17 12:51:04.790899,example45.com,29370,60,192.168.1.7
2024-12-17 12:39:59.790899,example58.com,3450,0,192.168.1.168
2024-12-17 13:02:22.790899,example87.com,51530,60,192.168.1.130
2024-12-17 12:45:51.790899,example20.com,14855,0,192.168.1.3
2024-12-17 13:23:50.790899,example66.com,21947,300,192.168.1.138
2024-12-17 13:09:26.790899,example23.com,63909,0,192.168.1.168
2024-12-17 13:16:42.790899,example13.com,27903,60,192.168.1.226
2024-12-17 12:44:46.790899,example54.com,21402,0,192.168.1.173
2024-12-17 13:31:20.790899,example41.com,56133,120,192.168.1.189
2024-12-17 13:32:18.790899,example19.com,3536,60,192.168.1.22
2024-12-17 13:15:58.790899,example79.com,15493,60,192.168.1.41
2024-12-17 13:02:23.790899,example14.com,14863,300,192.168.1.250
2024-12-17 13:19:31.790899,example3.com,19227,60,192.168.1.175
2024-12-17 13:21:17.790899,example64.com,30197,0,192.168.1.169
2024-12-17 12:57:47.790899,example49.com,37506,300,192.168.1.18
2024-12-17 13:28:53.790899,example96.com,30652,300,192.168.1.140
2024-12-17 13:34:25.790899,example15.com,25388,300,192.168.1.243
2024-12-17 13:17:21.790899,example75.com,39623,300,192.168.1.143
2024-12-17 13:20:35.790899,example25.com,8327,0,192.168.1.6
2024-12-17 13:36:09.790899,example99.com,23137,60,192.168.1.194
2024-12-17 12:54:20.790899,example68.com,18122,300,192.168.1.59
2024-12-17 12:48:19.790899,example71.com,21101,120,192.168.1.209
2024-12-17 13:26:56.790899,example2.com,44120,0,192.168.1.179
2024-12-17 12:51:54.790899,example90.com,54001,60,192.168.1.187
2024-12-17 12:44:20.790899,example33.com,3515,120,192.168.1.230
2024-12-17 13:24:58.790899,example57.com,10015,300,192.168.1.144
2024-12-17 13:07:33.790899,example51.com,18313,120,192.168.1.246
2024-12-17 12:38:20.790899,example54.com,51946,60,192.168.1.228
2024-12-17 13:08:59.790899,example27.com,42871,120,192.168.1.137
2024-12-17 13:04:38.790899,example97.com,43023,300,192.168.1.83
2024-12-17 13:09:23.790899,example37.com,59914,300,192.168.1.24
2024-12-17 13:15:44.790899,example48.com,45255,300,192.168.1.74
2024-12-17 12:57:28.790899,example98.com,19514,60,192.168.1.248
2024-12-17 13:03:29.790899,example12.com,54258,120,192.168.1.31
2024-12-17 13:20:56.790899,example94.com,18661,300,192.168.1.229
2024-12-17 13:25:59.790899,example70.com,49404,300,192.168.1.30
2024-12-17 12:55:15.790899,example36.com,4113,0,192.168.1.100
2024-12-17 13:12:53.790899,example67.com,12374,60,192.168.1.66
2024-12-17 12:59:57.790899,example6.com,1765,300,192.168.1.181
2024-12-17 12:38:27.790899,example54.com,10927,0,192.168.1.58
2024-12-17 13:03:41.790899,example5.com,17308,0,192.168.1.205
2024-12-17 12:53:18.790899,example44.com,12651,0,192.168.1.161
2024-12-17 12:56:52.790899,example19.com,53786,300,192.168.1.133
2024-12-17 12:55:53.790899,example48.com,9192,120,192.168.1.201
2024-12-17 13:20:35.790899,example17.com,13062,300,192.168.1.140
2024-12-17 13:24:34.790899,example48.com,23396,60,192.168.1.253
2024-12-17 13:07:14.790899,example64.com,18389,0,192.168.1.58
2024-12-17 13:00:20.790899,example74.com,19803,120,192.168.1.42
2024-12-17 13:09:11.790899,example64.com,40568,60,192.168.1.76
2024-12-17 13:14:55.790899,example76.com,12930,120,192.168.1.120
2024-12-17 13:12:09.790899,example40.com,36874,0,192.168.1.28
2024-12-17 13:10:31.790899,example59.com,22970,0,192.168.1.120
2024-12-17 13:29:58.790899,example98.com,51420,300,192.168.1.177
2024-12-17 13:29:09.790899,example28.com,32771,120,192.168.1.187
2024-12-17 13:31:10.790899,example55.com,50630,120,192.168.1.58
2024-12-17 13:22:11.790899,example29.com,27701,120,192.168.1.38
2024-12-17 13:32:55.790899,example7.com,50947,300,192.168.1.40
2024-12-17 13:28:16.790899,example54.com,16890,60,192.168.1.157
2024-12-17 13:03:04.790899,example57.com,38690,60,192.168.1.238
2024-12-17 13:31:01.790899,example53.com,50009,0,192.168.1.66
2024-12-17 13:17:50.790899,example19.com,15271,60,192.168.1.180
2024-12-17 12:40:41.790899,example77.com,23849,120,192.168.1.231
2024-12-17 13:16:26.790899,example27.com,8509,0,192.168.1.192
2024-12-17 12:41:26.790899,example46.com,24850,300,192.168.1.244
2024-12-17 12:54:54.790899,example67.com,63146,300,192.168.1.245
2024-12-17 13:28:52.790899,example68.com,31858,0,192.168.1.96
2024-12-17 13:34:16.790899,example48.com,37723,0,192.168.1.193
2024-12-17 12:59:52.790899,example95.com,37444,300,192.168.1.221
2024-12-17 13:33:02.790899,example92.com,7686,60,192.168.1.184
2024-12-17 12:40:42.790899,example31.com,9945,0,192.168.1.33
2024-12-17 12:41:13.790899,example4.com,17365,0,192.168.1.121
2024-12-17 13:01:07.790899,example95.com,37254,120,192.168.1.17
2024-12-17 13:17:53.790899,example26.com,60799,60,192.168.1.75
2024-12-17 13:11:21.790899,example82.com,63277,120,192.168.1.68
2024-12-17 12:51:12.790899,example98.com,46180,300,192.168.1.223
2024-12-17 13:15:57.790899,example47.com,48167,0,192.168.1.200
2024-12-17 12:37:02.790899,example70.com,62218,300,192.168.1.105
2024-12-17 13:30:17.790899,example37.com,16834,60,192.168.1.45
2024-12-17 13:17:22.790899,example35.com,18693,300,192.168.1.163
2024-12-17 13:17:41.790899,example19.com,59659,60,192.168.1.160
2024-12-17 12:46:24.790899,example61.com,40374,60,192.168.1.57
2024-12-17 13:03:20.790899,example42.com,33426,60,192.168.1.250
2024-12-17 13:14:30.790899,example41.com,20771,0,192.168.1.248
2024-12-17 13:29:43.790899,example85.com,28769,120,192.168.1.120
2024-12-17 13:06:32.790899,example55.com,3863,0,192.168.1.133
2024-12-17 13:34:17.790899,example26.com,24033,60,192.168.1.178
2024-12-17 13:29:37.790899,example76.com,8791,120,192.168.1.157
2024-12-17 12:52:14.790899,example21.com,17262,0,192.168.1.34
2024-12-17 12:53:39.790899,example67.com,37443,120,192.168.1.250
2024-12-17 13:32:26.790899,example74.com,9133,0,192.168.1.102
2024-12-17 13:14:17.790899,example18.com,37297,300,192.168.1.167
2024-12-17 13:29:56.790899,example63.com,4316,120,192.168.1.67
2024-12-17 13:10:31.790899,example84.com,41165,120,192.168.1.242
2024-12-17 12:38:24.790899,example47.com,58990,120,192.168.1.59
2024-12-17 12:38:51.790899,example35.com,43560,60,192.168.1.131
2024-12-17 13:22:55.790899,example54.com,1959,0,192.168.1.20
2024-12-17 13:07:33.790899,example5.com,40461,300,192.168.1.47
2024-12-17 13:23:06.790899,example30.com,37137,300,192.168.1.72
2024-12-17 13:32:57.790899,example53.com,37405,60,192.168.1.126
2024-12-17 12:50:16.790899,example66.com,25829,120,192.168.1.183
2024-12-17 13:11:18.790899,example35.com,10937,60,192.168.1.162
2024-12-17 12:53:40.790899,example49.com,60363,60,192.168.1.201
2024-12-17 13:09:21.790899,example96.com,52254,0,192.168.1.193
2024-12-17 13:27:09.790899,example89.com,60938,120,192.168.1.195
2024-12-17 13:18:42.790899,example94.com,39041,300,192.168.1.13
2024-12-17 13:20:39.790899,example9.com,43761,0,192.168.1.223
2024-12-17 12:59:30.790899,example97.com,40424,0,192.168.1.89
2024-12-17 13:15:00.790899,example87.com,41234,120,192.168.1.54
2024-12-17 13:18:00.790899,example69.com,5396,0,192.168.1.76
2024-12-17 12:56:38.790899,example45.com,20229,0,192.168.1.37
2024-12-17 13:23:34.790899,example62.com,43967,300,192.168.1.134
2024-12-17 12:44:48.790899,example65.com,56926,60,192.168.1.128
2024-12-17 12:40:32.790899,example16.com,26060,120,192.168.1.77
2024-12-17 12:37:12.790899,example22.com,10924,60,192.168.1.157
2024-12-17 12:50:01.790899,example81.com,44927,0,192.168.1.140
2024-12-17 13:22:12.790899,example98.com,27222,120,192.168.1.160
2024-12-17 12:54:36.790899,example96.com,31416,60,192.168.1.237
2024-12-17 13:13:03.790899,example96.com,56220,300,192.168.1.155
2024-12-17 13:09:44.790899,example79.com,26563,60,192.168.1.163
2024-12-17 13:33:45.790899,example45.com,17445,0,192.168.1.140
2024-12-17 12:51:28.790899,example17.com,29653,0,192.168.1.125
2024-12-17 13:15:26.790899,example64.com,13498,60,192.168.1.54
2024-12-17 12:59:33.790899,example64.com,46643,120,192.168.1.144
2024-12-17 13:36:02.790899,example40.com,10231,0,192.168.1.249
2024-12-17 12:55:10.790899,example62.com,13403,300,192.168.1.253
2024-12-17 13:25:38.790899,example37.com,23971,300,192.168.1.123
2024-12-17 13:30:23.790899,example96.com,60127,60,192.168.1.37
2024-12-17 12:43:00.790899,example13.com,37296,120,192.168.1.58
2024-12-17 13:31:14.790899,example39.com,6140,300,192.168.1.5
2024-12-17 12:52:11.790899,example84.com,38515,60,192.168.1.131
2024-12-17 13:17:24.790899,example26.com,58208,0,192.168.1.244
2024-12-17 13:26:11.790899,example56.com,62257,0,192.168.1.2
